,Unnamed: 0,Unnamed: 0.1,Team,GP,TOI,W,L,OTL,ROW,Points,Point_Pct,CF,CA,CF_Pct,FF,FA,FF_Pct,SF,SA,SF_Pct,GF,GA,GF_Pct,xGF,xGA,xGF_Pct,SCF,SCA,SCF_Pct,SCSF,SCSA,SCSF_Pct,SCGF,SCGA,SCGF_Pct,SCSH_Pct,SCSV_Pct,HDCF,HDCA,HDCF_Pct,HDSF,HDSA,HDSF_Pct,HDGF,HDGA,HDGF_Pct,HDSH_Pct,HDSV_Pct,MDCF,MDCA,MDCF_Pct,MDSF,MDSA,MDSF_Pct,MDGF,MDGA,MDGF_Pct,MDSH_Pct,MDSV_Pct,LDCF,LDCA,LDCF_Pct,LDSF,LDSA,LDSF_Pct,LDGF,LDGA,LDGF_Pct,LDSH_Pct,LDSV_Pct,SH_Pct,SV_Pct,PDO,Season,GD,xGD,Win_Series,Home_Ice,Road_Ice,Division_Leader,Non_Division_Leader,WinPrediction,Win_Prediction,Prediction_Correct
0,0,1,Anaheim Ducks,82,4990.8833,54,20,8,51,116,0.7070000000000001,4707,4678,50.15,3588,3436,51.08,2569,2354,52.18,263,203,56.44,235.45,218.67,51.85,2327,2221,51.17,1433,1299,52.45,218,180,54.77,15.21,86.14,1021,907,52.96,778,689,53.03,156,131,54.36,20.05,80.99,1306,1314,49.85,655,610,51.78,62,49,55.86,9.47,91.97,2069,2143,49.12,1050,978,51.78,40,22,64.52,3.81,97.75,10.24,91.38,1.016,2014,60,16.78,1,1,0,1,0,0.5448517664610739,W,True
1,1,2,Boston Bruins,82,4978.8167,54,19,9,51,117,0.713,4838,4278,53.07,3600,3227,52.73,2613,2385,52.28,258,171,60.14,205.95,182.55,53.01,2133,1906,52.81,1288,1170,52.4,202,134,60.12,15.68,88.55,817,745,52.3,631,593,51.55,143,85,62.72,22.66,85.67,1316,1161,53.13,657,577,53.24,59,49,54.63,8.98,91.51,2328,2050,53.17,1217,1087,52.82,50,35,58.82,4.11,96.78,9.87,92.83,1.027,2014,87,23.399999999999977,1,1,0,1,0,0.6286501999430401,W,True
2,2,7,Chicago Blackhawks,82,5007.45,46,21,15,40,107,0.652,4905,4036,54.86,3637,3013,54.69,2717,2229,54.93,261,212,55.18,219.77,190.84,53.52,2216,1802,55.15,1405,1123,55.58,207,164,55.8,14.73,85.4,925,757,54.99,749,597,55.65,158,99,61.48,21.09,83.42,1291,1045,55.27,656,526,55.5,49,65,42.98,7.47,87.64,2243,1919,53.89,1239,1034,54.51,50,46,52.08,4.04,95.55,9.61,90.49,1.001,2014,49,28.93000000000001,1,0,1,0,1,0.27673432906600287,L,False
3,3,8,Colorado Avalanche,82,5002.9667,52,22,8,47,112,0.6829999999999999,4313,4943,46.6,3249,3741,46.48,2421,2678,47.48,245,216,53.15,208.12,232.0,47.29,2014,2248,47.25,1275,1389,47.86,191,174,52.33,14.98,87.47,860,992,46.44,656,745,46.82,131,136,49.06,19.97,81.74,1154,1256,47.88,619,644,49.01,60,38,61.22,9.69,94.1,1881,2226,45.8,1060,1207,46.76,51,39,56.67,4.81,96.77,10.12,91.93,1.021,2014,29,-23.879999999999995,0,1,0,1,0,0.5513270996841875,W,False
4,4,5,Columbus Blue Jackets,82,4976.75,43,32,7,38,93,0.5670000000000001,4445,4424,50.12,3336,3343,49.95,2431,2524,49.06,225,214,51.25,202.09,196.42,50.71,2009,1896,51.45,1209,1207,50.04,187,170,52.38,15.47,85.92,831,775,51.74,637,612,51.0,132,112,54.1,20.72,81.7,1178,1121,51.24,572,595,49.01,55,58,48.67,9.62,90.25,2038,2087,49.41,1159,1230,48.51,34,42,44.74,2.93,96.59,9.26,91.52,1.008,2014,11,5.670000000000017,0,0,1,0,1,0.4005396080554689,L,True
5,5,9,Dallas Stars,82,4991.3333,40,31,11,36,91,0.555,4954,4746,51.07,3706,3536,51.17,2599,2492,51.05,231,222,50.99,246.64,227.39,52.03,2424,2281,51.52,1441,1393,50.85,193,178,52.02,13.39,87.22,978,955,50.59,703,712,49.68,135,114,54.22,19.2,83.99,1446,1326,52.16,738,681,52.01,58,64,47.54,7.86,90.6,2139,2036,51.23,1079,1027,51.23,32,40,44.44,2.97,96.11,8.89,91.09,1.0,2014,9,19.25,0,0,1,0,1,0.20635755755112434,L,True
6,6,10,Detroit Red Wings,82,5026.4333,39,28,15,34,93,0.5670000000000001,4360,4213,50.86,3378,3199,51.36,2456,2402,50.56,217,221,49.54,199.54,195.2,50.55,1917,1864,50.7,1241,1207,50.69,185,179,50.82,14.91,85.17,743,798,48.22,580,637,47.66,111,118,48.47,19.14,81.48,1174,1066,52.41,661,570,53.7,74,61,54.81,11.2,89.3,2075,1983,51.13,1127,1110,50.38,30,37,44.78,2.66,96.67,8.84,90.8,0.996,2014,-4,4.340000000000003,0,0,1,0,1,0.44048469955644526,L,True
7,7,13,Los Angeles Kings,82,5001.3833,46,28,8,38,100,0.61,5067,4032,55.69,3783,3105,54.92,2595,2150,54.69,198,168,54.1,232.56,192.02,54.77,2175,1822,54.42,1281,1077,54.33,159,131,54.83,12.41,87.84,892,783,53.25,646,584,52.52,102,93,52.31,15.79,84.08,1283,1039,55.25,635,493,56.29,57,38,60.0,8.98,92.29,2427,1904,56.04,1211,994,54.92,34,32,51.52,2.81,96.78,7.63,92.19,0.998,2014,30,40.53999999999999,1,0,1,0,1,0.35284145302449177,L,False
8,8,14,Minnesota Wild,82,5020.05,43,27,12,35,98,0.598,4078,4314,48.59,3041,3188,48.82,2181,2273,48.97,199,198,50.13,182.2,181.88,50.04,1807,1779,50.39,1071,1034,50.88,159,155,50.64,14.85,85.01,729,690,51.37,543,518,51.18,107,104,50.71,19.71,79.92,1078,1089,49.75,528,516,50.57,52,51,50.49,9.85,90.12,1926,2113,47.69,1043,1162,47.3,39,36,52.0,3.74,96.9,9.12,91.29,1.004,2014,1,0.3199999999999932,1,0,1,0,1,0.5163882018022574,W,True
9,9,15,Montreal Canadiens,82,4991.65,46,28,8,40,100,0.61,4452,5013,47.04,3273,3522,48.17,2331,2542,47.84,209,201,50.98,212.37,218.85,49.25,1961,2240,46.68,1147,1302,46.84,171,170,50.15,14.91,86.94,886,890,49.89,650,625,50.98,115,114,50.22,17.69,81.76,1075,1350,44.33,497,677,42.33,56,56,50.0,11.27,91.73,2086,2291,47.66,1093,1142,48.9,35,27,56.45,3.2,97.64,8.97,92.09,1.011,2014,8,-6.479999999999991,1,0,1,0,1,0.40220691790628527,L,False
10,10,19,New York Rangers,82,4966.8833,45,31,6,41,96,0.585,4974,4431,52.89,3712,3312,52.85,2719,2412,52.99,214,190,52.97,238.01,215.58,52.47,2362,2086,53.1,1451,1288,52.98,176,155,53.17,12.13,87.97,1058,904,53.92,781,694,52.95,119,115,50.85,15.24,83.43,1304,1182,52.45,670,594,53.01,57,40,58.76,8.51,93.27,2200,1992,52.48,1176,1040,53.07,34,34,50.0,2.89,96.73,7.87,92.12,1.0,2014,24,22.429999999999982,1,1,0,0,1,0.6728899053767851,W,True
11,11,21,Philadelphia Flyers,82,4991.6833,42,30,10,39,94,0.573,4776,4622,50.82,3495,3422,50.53,2490,2508,49.82,233,227,50.65,215.75,205.47,51.22,1964,2031,49.16,1159,1208,48.96,178,178,50.0,15.36,85.26,789,766,50.74,581,569,50.52,110,122,47.41,18.93,78.56,1175,1265,48.16,578,639,47.49,68,56,54.84,11.76,91.24,2277,2185,51.03,1174,1190,49.66,44,45,49.44,3.75,96.22,9.36,90.95,1.003,2014,6,10.28,0,0,1,0,1,0.18823716571294655,L,True
12,12,23,Pittsburgh Penguins,82,4986.8833,51,24,7,44,109,0.665,4402,4529,49.29,3319,3342,49.83,2454,2359,50.99,242,204,54.26,205.7,195.78,51.24,2012,1946,50.83,1264,1171,51.91,202,166,54.89,15.98,85.82,757,786,49.06,588,586,50.09,125,102,55.07,21.26,82.59,1255,1160,51.97,676,585,53.61,77,64,54.61,11.39,89.06,2109,2186,49.1,1136,1103,50.74,36,35,50.7,3.17,96.83,9.86,91.35,1.012,2014,38,9.919999999999987,1,1,0,1,0,0.5268210027931837,W,True
13,13,24,San Jose Sharks,82,5021.05,51,22,9,41,111,0.677,5379,4492,54.49,3999,3206,55.5,2851,2282,55.54,239,193,55.32,254.72,182.8,58.22,2540,1812,58.36,1525,1122,57.61,190,155,55.07,12.46,86.19,1023,733,58.26,785,535,59.47,140,99,58.58,17.83,81.5,1517,1079,58.44,740,587,55.76,50,56,47.17,6.76,90.46,2417,2151,52.91,1235,1071,53.56,46,35,56.79,3.72,96.73,8.38,91.54,0.999,2014,46,71.91999999999999,0,1,0,0,1,0.79445577922031,W,False
14,14,25,St Louis Blues,82,5002.0333,52,23,7,43,111,0.677,4621,4155,52.65,3429,3034,53.06,2403,2163,52.63,239,188,55.97,202.38,184.76,52.27,2071,1897,52.19,1197,1114,51.8,185,147,55.72,15.46,86.8,751,680,52.48,562,518,52.04,112,94,54.37,19.93,81.85,1320,1217,52.03,635,596,51.58,73,53,57.94,11.5,91.11,2160,1892,53.31,1128,966,53.87,48,40,54.55,4.26,95.86,9.95,91.31,1.013,2014,51,17.620000000000005,0,1,0,0,1,0.43206841829779175,L,True
15,15,26,Tampa Bay Lightning,82,5013.1167,46,27,9,38,101,0.616,4478,4527,49.73,3443,3406,50.27,2447,2399,50.5,232,209,52.61,199.45,202.41,49.63,2144,2095,50.58,1332,1315,50.32,190,176,51.91,14.26,86.62,809,804,50.15,600,607,49.71,117,111,51.32,19.5,81.71,1335,1291,50.84,732,708,50.83,73,65,52.9,9.97,90.82,2065,2103,49.54,1059,1014,51.09,39,28,58.21,3.68,97.24,9.48,91.29,1.008,2014,23,-2.9600000000000084,0,1,0,0,1,0.6153777524805923,W,False
16,16,1,Anaheim Ducks,82,5002.7333,51,24,7,43,109,0.665,4719,4522,51.07,3578,3360,51.57,2458,2367,50.94,228,221,50.78,223.11,208.64,51.68,2257,2074,52.11,1300,1237,51.24,185,180,50.68,14.23,85.45,895,844,51.47,659,623,51.4,122,123,49.8,18.51,80.26,1362,1230,52.55,641,614,51.08,63,57,52.5,9.83,90.72,2126,2069,50.68,1058,1011,51.14,34,37,47.89,3.21,96.34,9.28,90.66,0.999,2015,7,14.470000000000026,1,1,0,1,0,0.5305803699118432,W,True
17,17,7,Calgary Flames,82,4990.9667,45,30,7,41,97,0.591,4387,4995,46.76,3142,3438,47.75,2252,2392,48.49,237,213,52.67,200.7,208.34,49.07,2025,2217,47.74,1229,1289,48.81,192,175,52.32,15.62,86.42,812,875,48.13,614,651,48.54,125,110,53.19,20.36,83.1,1213,1342,47.48,615,638,49.08,67,65,50.76,10.89,89.81,2018,2292,46.82,965,1008,48.91,39,34,53.42,4.04,96.63,10.52,91.1,1.016,2015,24,-7.640000000000014,1,0,1,0,1,0.5801162781848491,W,True
18,18,8,Chicago Blackhawks,82,4994.1833,48,28,6,39,102,0.622,5109,4316,54.21,3713,3276,53.13,2777,2477,52.85,220,186,54.19,225.0,204.62,52.37,2333,1989,53.98,1418,1286,52.44,173,154,52.91,12.2,88.02,919,894,50.69,723,698,50.88,117,111,51.32,16.18,84.1,1414,1095,56.36,695,588,54.17,56,43,56.57,8.06,92.69,2342,1985,54.13,1306,1130,53.61,45,29,60.81,3.45,97.43,7.92,92.49,1.004,2015,34,20.379999999999995,1,0,1,0,1,0.563057457984497,W,True
19,19,11,Detroit Red Wings,82,5017.65,43,25,14,39,100,0.61,4499,4046,52.65,3350,3138,51.63,2429,2322,51.13,231,211,52.26,216.53,194.42,52.69,2106,1821,53.63,1271,1151,52.48,184,164,52.87,14.48,85.75,868,717,54.76,671,556,54.69,128,114,52.89,19.08,79.5,1238,1104,52.86,600,595,50.21,56,50,52.83,9.33,91.6,2045,1914,51.65,1069,1086,49.61,42,41,50.6,3.93,96.22,9.51,90.91,1.004,2015,20,22.11000000000001,0,0,1,0,1,0.18122654305251937,L,True
20,20,15,Minnesota Wild,82,4973.4667,46,28,8,42,100,0.61,4593,4410,51.02,3477,3177,52.25,2522,2266,52.67,227,198,53.41,216.01,177.41,54.91,2049,1879,52.16,1265,1117,53.11,186,159,53.91,14.7,85.77,886,688,56.29,678,517,56.74,134,100,57.26,19.76,80.66,1163,1191,49.41,587,600,49.45,52,59,46.85,8.86,90.17,2166,2106,50.7,1200,1073,52.79,35,35,50.0,2.92,96.74,9.0,91.26,1.003,2015,29,38.6,1,0,1,0,1,0.6161221689788215,W,True
21,21,16,Montreal Canadiens,82,5007.15,50,22,10,43,110,0.6709999999999999,4527,4821,48.43,3239,3415,48.68,2334,2470,48.58,214,184,53.77,197.67,210.06,48.48,1944,2195,46.97,1147,1252,47.81,159,151,51.29,13.86,87.94,809,902,47.28,602,651,48.04,101,110,47.87,16.78,83.1,1135,1293,46.75,545,601,47.56,58,41,58.59,10.64,93.18,2216,2191,50.28,1111,1112,49.98,51,29,63.75,4.59,97.39,9.17,92.55,1.017,2015,30,-12.390000000000017,1,1,0,1,0,0.7751172575989608,W,True
22,22,18,Nashville Predators,82,5010.1167,47,25,10,41,104,0.634,4882,4385,52.68,3632,3205,53.12,2614,2318,53.0,226,202,52.8,208.38,190.35,52.26,2116,1842,53.46,1276,1107,53.55,173,154,52.91,13.56,86.09,782,733,51.62,579,552,51.19,121,104,53.78,20.9,81.16,1334,1109,54.6,697,555,55.67,52,50,50.98,7.46,90.99,2398,2139,52.85,1289,1126,53.37,50,41,54.95,3.88,96.36,8.65,91.29,0.999,2015,24,18.03,0,1,0,0,1,0.5531942945791777,W,False
23,23,19,New York Islanders,82,5007.9,47,28,7,40,101,0.616,5127,4544,53.01,3814,3221,54.21,2771,2321,54.42,245,224,52.24,262.73,216.67,54.8,2733,2365,53.61,1717,1403,55.03,205,187,52.3,11.94,86.67,1224,932,56.77,933,741,55.73,142,117,54.83,15.22,84.21,1509,1433,51.29,784,662,54.22,63,70,47.37,8.04,89.43,1983,1794,52.5,963,820,54.01,31,33,48.44,3.22,95.98,8.84,90.35,0.992,2015,21,46.06000000000003,0,0,1,0,1,0.5841940861560247,W,False
24,24,20,New York Rangers,82,4983.0667,53,22,7,49,113,0.6890000000000001,4620,4569,50.28,3478,3410,50.49,2582,2418,51.64,248,187,57.01,228.9,214.26,51.65,2227,2101,51.46,1379,1225,52.96,205,150,57.75,14.87,87.76,988,955,50.85,752,680,52.51,149,107,58.2,19.81,84.26,1239,1146,51.95,627,545,53.5,56,43,56.57,8.93,92.11,2032,2109,49.07,1085,1101,49.63,37,33,52.86,3.41,97.0,9.6,92.27,1.019,2015,61,14.640000000000017,1,1,0,1,0,0.703153102778616,W,True
25,25,21,Ottawa Senators,82,5026.4,43,26,13,37,99,0.604,4813,4615,51.05,3513,3570,49.6,2540,2635,49.08,232,208,52.73,222.76,207.24,51.8,2193,2005,52.24,1307,1236,51.4,196,151,56.48,15.0,87.78,918,846,52.04,695,626,52.61,138,104,57.02,19.86,83.39,1275,1159,52.38,612,610,50.08,58,47,55.24,9.48,92.3,2209,2237,49.69,1132,1303,46.49,29,52,35.8,2.56,96.01,9.13,92.11,1.012,2015,24,15.519999999999984,0,0,1,0,1,0.3388294103594694,L,True
26,26,23,Pittsburgh Penguins,82,5001.5667,43,27,12,39,98,0.598,4676,4334,51.9,3511,3240,52.01,2594,2401,51.93,217,204,51.54,217.14,207.35,51.15,2129,1990,51.69,1362,1277,51.61,185,172,51.82,13.58,86.53,874,852,50.64,683,672,50.41,134,113,54.25,19.62,83.18,1255,1138,52.44,679,605,52.88,51,59,46.36,7.51,90.25,2138,1974,51.99,1121,1024,52.26,31,27,53.45,2.77,97.36,8.37,91.5,0.999,2015,13,9.789999999999992,0,0,1,0,1,0.29495019860303734,L,True
27,27,25,St Louis Blues,82,5003.4167,51,24,7,42,109,0.665,4621,4295,51.83,3529,3122,53.06,2536,2233,53.18,239,197,54.82,214.47,187.9,53.3,2211,1999,52.52,1365,1233,52.54,193,155,55.46,14.14,87.43,789,696,53.13,605,534,53.12,106,101,51.21,17.52,81.09,1422,1303,52.18,760,699,52.09,87,54,61.7,11.45,92.27,2086,1935,51.88,1092,921,54.25,42,38,52.5,3.85,95.87,9.42,91.18,1.006,2015,42,26.569999999999997,0,1,0,1,0,0.41321757115353036,L,True
28,28,26,Tampa Bay Lightning,82,4977.0333,50,24,8,47,108,0.659,4507,4283,51.27,3356,3185,51.31,2428,2287,51.5,259,206,55.7,208.28,191.38,52.11,2195,1975,52.64,1359,1250,52.09,203,163,55.46,14.94,86.96,888,780,53.24,679,599,53.13,134,99,57.51,19.73,83.47,1307,1195,52.24,680,651,51.09,69,64,51.88,10.15,90.17,2026,2034,49.9,1003,974,50.73,50,38,56.82,4.99,96.1,10.67,90.99,1.017,2015,53,16.900000000000006,1,1,0,0,1,0.7292381117459497,W,True
29,29,28,Vancouver Canucks,82,4979.8167,48,29,5,42,101,0.616,4429,4593,49.09,3354,3377,49.83,2454,2447,50.07,236,220,51.75,206.21,224.35,47.89,2096,2310,47.57,1256,1332,48.53,188,180,51.09,14.97,86.49,888,941,48.55,653,698,48.33,133,120,52.57,20.37,82.81,1208,1369,46.88,603,634,48.75,55,60,47.83,9.12,90.54,2003,1982,50.26,1076,1034,51.0,36,35,50.7,3.35,96.62,9.62,91.01,1.006,2015,16,-18.139999999999983,0,1,0,0,1,0.5173173446877707,W,False
30,30,30,Washington Capitals,82,5001.9333,45,26,11,40,101,0.616,4736,4601,50.72,3480,3330,51.1,2420,2368,50.54,237,199,54.36,210.81,199.58,51.37,2174,2074,51.18,1261,1194,51.36,182,155,54.01,14.43,87.02,809,839,49.09,603,619,49.35,104,101,50.73,17.25,83.68,1365,1235,52.5,658,575,53.37,78,54,59.09,11.85,90.61,2186,2160,50.3,1060,1053,50.17,49,39,55.68,4.62,96.3,9.79,91.6,1.014,2015,38,11.22999999999999,1,1,0,0,1,0.7615393425317571,W,True
31,31,29,Winnipeg Jets,82,5009.7667,43,26,13,36,99,0.604,4689,4360,51.82,3401,3240,51.21,2439,2350,50.93,223,204,52.22,216.08,213.48,50.3,2250,2115,51.55,1342,1273,51.32,184,167,52.42,13.71,86.88,911,872,51.09,650,646,50.15,120,114,51.28,18.46,82.35,1339,1243,51.86,692,627,52.46,64,53,54.7,9.25,91.55,2017,1864,51.97,1019,980,50.98,33,30,52.38,3.24,96.94,9.14,91.32,1.005,2015,19,2.6000000000000227,0,0,1,0,1,0.28453752997206555,L,True
32,32,1,Anaheim Ducks,82,4977.0333,46,25,11,43,103,0.628,4738,4384,51.94,3568,3206,52.67,2485,2259,52.38,215,188,53.35,227.28,197.22,53.54,2248,2039,52.44,1328,1202,52.49,181,157,53.55,13.63,86.94,912,831,52.32,677,606,52.77,124,105,54.15,18.32,82.67,1336,1208,52.52,651,596,52.21,57,52,52.29,8.76,91.28,2151,1994,51.89,1050,958,52.29,25,28,47.17,2.38,97.08,8.65,91.68,1.003,2016,27,30.06,0,1,0,1,0,0.6951347112414109,W,False
33,33,8,Chicago Blackhawks,82,4972.5833,47,26,9,46,103,0.628,4593,4533,50.33,3348,3400,49.61,2499,2528,49.71,234,207,53.06,214.77,215.0,49.97,2040,2053,49.84,1271,1321,49.04,187,163,53.43,14.71,87.66,822,906,47.57,642,710,47.49,118,111,51.53,18.38,84.37,1218,1147,51.5,629,611,50.73,69,52,57.02,10.97,91.49,2159,2156,50.03,1150,1138,50.26,42,37,53.16,3.65,96.75,9.36,91.81,1.012,2016,27,-0.22999999999998974,0,0,1,0,1,0.3020375278857764,L,True
34,34,10,Dallas Stars,82,4968.4,50,23,9,48,109,0.665,5090,4662,52.19,3747,3438,52.15,2626,2372,52.54,265,228,53.75,243.15,216.55,52.89,2496,2215,52.98,1463,1278,53.37,203,183,52.59,13.88,85.68,1008,958,51.27,715,685,51.07,145,135,51.79,20.28,80.29,1488,1257,54.21,748,593,55.78,58,48,54.72,7.75,91.91,2136,2003,51.61,1064,996,51.65,40,43,48.19,3.76,95.68,10.09,90.39,1.005,2016,37,26.599999999999994,1,1,0,1,0,0.7529846236562251,W,True
35,35,11,Detroit Red Wings,82,4992.85,41,30,11,39,93,0.5670000000000001,4459,4240,51.26,3371,3331,50.3,2433,2439,49.94,209,219,48.83,213.68,209.04,50.55,2178,2005,52.07,1324,1276,50.92,161,170,48.64,12.16,86.68,874,866,50.23,663,670,49.74,104,117,47.06,15.69,82.54,1304,1139,53.38,661,606,52.17,57,53,51.82,8.62,91.25,1957,1944,50.17,1016,1068,48.75,41,42,49.4,4.04,96.07,8.59,91.02,0.996,2016,-10,4.640000000000015,0,0,1,0,1,0.38266880876155307,L,True
36,36,13,Florida Panthers,82,4986.2333,47,26,9,40,103,0.628,4104,4257,49.09,3216,3315,49.24,2360,2419,49.38,232,200,53.7,208.4,203.2,50.63,1941,1913,50.36,1286,1250,50.71,189,160,54.15,14.7,87.2,793,791,50.06,616,618,49.92,115,102,53.0,18.67,83.5,1148,1122,50.57,670,632,51.46,74,58,56.06,11.04,90.82,1894,2014,48.46,1004,1082,48.13,37,33,52.86,3.69,96.95,9.83,91.73,1.016,2016,32,5.200000000000017,0,1,0,1,0,0.3036871872280537,L,True
37,37,14,Los Angeles Kings,82,4984.6167,48,28,6,46,102,0.622,5133,4201,54.99,3847,3174,54.79,2625,2255,53.79,223,192,53.73,222.73,202.0,52.44,2314,1994,53.71,1327,1192,52.68,168,144,53.85,12.66,87.92,931,800,53.78,642,591,52.07,116,94,55.24,18.07,84.09,1383,1194,53.67,685,601,53.27,52,50,50.98,7.59,91.68,2375,1885,55.75,1205,978,55.2,52,40,56.52,4.32,95.91,8.5,91.49,1.0,2016,31,20.72999999999999,0,1,0,0,1,0.45267103584646534,L,True
38,38,15,Minnesota Wild,82,4978.5,38,33,11,35,87,0.53,4379,4560,48.99,3277,3351,49.44,2375,2347,50.3,213,204,51.08,202.06,191.83,51.3,1965,1972,49.91,1191,1192,49.98,169,154,52.32,14.19,87.08,843,814,50.88,635,612,50.92,116,104,52.73,18.27,83.01,1122,1158,49.21,556,580,48.94,53,50,51.46,9.53,91.38,2033,2141,48.71,1128,1069,51.34,36,42,46.15,3.19,96.07,8.97,91.31,1.003,2016,9,10.22999999999999,0,0,1,0,1,0.740233780331237,W,False
39,39,18,Nashville Predators,82,4980.2167,41,27,14,37,96,0.585,4619,4271,51.96,3469,3039,53.3,2507,2243,52.78,224,213,51.26,204.39,177.4,53.53,2053,1780,53.56,1278,1093,53.9,164,168,49.4,12.83,84.63,785,664,54.18,602,502,54.53,108,116,48.21,17.94,76.89,1268,1116,53.19,676,591,53.35,56,52,51.85,8.28,91.2,2162,1987,52.11,1161,1038,52.8,51,38,57.3,4.39,96.34,8.93,90.5,0.994,2016,11,26.98999999999998,1,0,1,0,1,0.5564765206295189,W,True
40,40,19,New York Islanders,82,5005.05,44,27,10,40,98,0.598,4604,4730,49.33,3354,3408,49.6,2412,2496,49.14,227,211,51.83,215.04,218.86,49.56,2242,2361,48.71,1355,1451,48.29,172,168,50.59,12.69,88.42,932,951,49.5,725,760,48.82,127,112,53.14,17.52,85.26,1310,1410,48.16,630,691,47.69,45,56,44.55,7.14,91.9,1884,1917,49.57,892,921,49.2,45,33,57.69,5.04,96.42,9.41,91.55,1.01,2016,16,-3.8200000000000216,1,0,1,0,1,0.5212813855993795,W,True
41,41,20,New York Rangers,82,4974.4833,46,27,8,43,100,0.61,4366,4818,47.54,3273,3504,48.3,2337,2494,48.38,233,215,52.01,215.62,232.01,48.17,2053,2344,46.69,1221,1330,47.86,177,181,49.44,14.5,86.39,899,1024,46.75,660,742,47.08,124,132,48.44,18.79,82.21,1154,1320,46.65,561,588,48.83,53,49,51.96,9.45,91.67,1904,2072,47.89,981,1056,48.16,47,23,67.14,4.79,97.82,9.97,91.38,1.013,2016,18,-16.389999999999983,0,0,1,0,1,0.4724505581474385,L,True
42,42,22,Philadelphia Flyers,82,5012.5833,41,27,14,38,96,0.585,4903,4716,50.97,3555,3407,51.06,2542,2519,50.23,211,210,50.12,219.38,216.86,50.29,2064,2113,49.41,1200,1284,48.31,169,169,50.0,14.08,86.84,870,845,50.73,630,643,49.49,119,122,49.38,18.89,81.03,1194,1268,48.5,570,641,47.07,50,47,51.55,8.77,92.67,2338,2169,51.87,1203,1129,51.59,35,36,49.3,2.91,96.81,8.3,91.66,1.0,2016,1,2.519999999999982,0,0,1,0,1,0.1996916580099589,L,True
43,43,23,Pittsburgh Penguins,82,4984.7333,48,26,8,44,104,0.634,4831,4389,52.4,3638,3298,52.45,2722,2436,52.77,241,199,54.77,240.15,198.82,54.71,2400,1977,54.83,1554,1259,55.24,203,164,55.31,13.06,86.97,976,814,54.53,776,637,54.92,130,118,52.42,16.75,81.48,1424,1163,55.04,778,622,55.57,73,46,61.34,9.38,92.6,2089,2071,50.22,1081,1085,49.91,34,33,50.75,3.15,96.96,8.85,91.83,1.007,2016,42,41.33000000000001,1,1,0,0,1,0.7218294301835869,W,True
44,44,24,San Jose Sharks,82,4975.9,46,30,6,42,98,0.598,4722,4407,51.73,3506,3115,52.95,2491,2245,52.6,237,207,53.38,236.25,196.25,54.62,2276,1889,54.65,1361,1182,53.52,182,162,52.91,13.37,86.29,1030,778,56.97,748,592,55.82,125,100,55.56,16.71,83.11,1246,1111,52.86,613,590,50.96,57,62,47.9,9.3,89.49,2066,2072,49.93,1061,981,51.96,45,38,54.22,4.24,96.13,9.51,90.78,1.003,2016,30,40.0,1,0,1,0,1,0.469787154127849,L,False
45,45,25,St Louis Blues,82,5005.0667,49,24,9,44,107,0.652,4495,4457,50.21,3392,3330,50.46,2474,2441,50.34,219,197,52.64,204.35,214.52,48.79,2161,2171,49.88,1366,1349,50.31,168,151,52.66,12.3,88.81,812,879,48.02,638,675,48.59,112,108,50.91,17.55,84.0,1349,1292,51.08,728,674,51.93,56,43,56.57,7.69,93.62,2030,1973,50.71,1018,1027,49.78,45,41,52.33,4.42,96.01,8.85,91.93,1.008,2016,22,-10.170000000000016,1,1,0,0,1,0.46563927539089883,L,False
46,46,26,Tampa Bay Lightning,82,4966.7333,46,31,5,43,97,0.591,4551,4349,51.13,3397,3322,50.56,2403,2367,50.38,224,198,53.08,201.67,195.12,50.83,2067,1944,51.53,1276,1205,51.43,180,149,54.71,14.11,87.63,814,764,51.58,596,578,50.77,108,97,52.68,18.12,83.22,1253,1180,51.5,680,627,52.03,72,52,58.06,10.59,91.71,2211,2102,51.26,1055,1075,49.53,37,38,49.33,3.51,96.47,9.32,91.63,1.01,2016,26,6.549999999999982,1,1,0,0,1,0.5917940211685887,W,True
47,47,30,Washington Capitals,82,4982.7,56,18,8,52,120,0.732,4702,4592,50.59,3496,3326,51.25,2510,2333,51.83,248,191,56.49,219.16,201.66,52.08,2244,2128,51.33,1390,1220,53.26,207,159,56.56,14.89,86.97,857,850,50.21,636,634,50.08,136,107,55.97,21.38,83.12,1387,1278,52.05,754,586,56.27,71,52,57.72,9.42,91.13,2116,2095,50.25,1006,1011,49.88,36,28,56.25,3.58,97.23,9.88,91.81,1.017,2016,57,17.5,1,1,0,1,0,0.6425905237444469,W,True
48,48,1,Anaheim Ducks,82,4979.75,46,23,13,43,105,0.64,4579,4659,49.57,3457,3511,49.61,2426,2430,49.96,220,197,52.76,230.59,219.05,51.28,2288,2267,50.23,1333,1308,50.47,180,160,52.94,13.5,87.77,986,965,50.54,714,679,51.26,134,112,54.47,18.77,83.51,1302,1302,50.0,619,629,49.6,46,48,48.94,7.43,92.37,1954,2073,48.52,1000,1039,49.04,37,33,52.86,3.7,96.82,9.07,91.89,1.01,2017,23,11.539999999999992,1,1,0,1,0,0.683633057811899,W,True
49,49,3,Boston Bruins,82,4964.1167,44,31,7,42,95,0.579,5014,4190,54.48,3793,3096,55.06,2721,2197,55.33,232,209,52.61,228.44,185.93,55.13,2271,1816,55.57,1412,1116,55.85,186,172,51.96,13.17,84.59,862,756,53.28,652,574,53.18,106,118,47.32,16.26,79.44,1409,1060,57.07,760,542,58.37,80,54,59.7,10.53,90.04,2368,2056,53.53,1193,976,55.0,39,30,56.52,3.27,96.93,8.53,90.49,0.99,2017,23,42.50999999999999,0,0,1,0,1,0.587434181778869,W,False
50,50,7,Calgary Flames,82,4973.9333,45,33,4,41,94,0.573,4497,4428,50.39,3302,3317,49.89,2389,2356,50.35,222,219,50.34,196.28,207.66,48.59,2031,2031,50.0,1243,1254,49.78,181,184,49.59,14.56,85.33,813,834,49.36,610,635,49.0,120,128,48.39,19.67,79.84,1218,1197,50.43,633,619,50.56,61,56,52.14,9.64,90.95,2090,2066,50.29,1094,1029,51.53,37,30,55.22,3.38,97.08,9.29,90.7,1.0,2017,3,-11.379999999999995,0,0,1,0,1,0.3767060531170458,L,True
51,51,8,Chicago Blackhawks,82,4979.9833,50,23,9,46,109,0.665,4633,4653,49.89,3348,3427,49.42,2509,2575,49.35,240,212,53.1,214.14,218.65,49.48,2097,2186,48.96,1299,1348,49.07,188,169,52.66,14.47,87.46,800,925,46.38,634,720,46.82,123,115,51.68,19.4,84.03,1297,1261,50.7,665,628,51.43,65,54,54.62,9.77,91.4,2143,2123,50.23,1162,1160,50.04,45,42,51.72,3.87,96.38,9.57,91.77,1.013,2017,28,-4.510000000000018,0,1,0,1,0,0.43276853478419003,L,True
52,52,6,Columbus Blue Jackets,82,4969.6667,50,24,8,48,108,0.659,4565,4645,49.57,3420,3466,49.67,2541,2489,50.52,247,193,56.14,221.14,222.78,49.82,2197,2152,50.52,1355,1283,51.36,193,145,57.1,14.24,88.7,979,939,51.04,732,691,51.44,127,101,55.7,17.35,85.38,1218,1213,50.1,623,592,51.28,66,44,60.0,10.59,92.57,1983,2080,48.81,1110,1128,49.6,49,43,53.26,4.41,96.19,9.72,92.25,1.02,2017,54,-1.6400000000000148,0,0,1,0,1,0.3153918737612438,L,True
53,53,12,Edmonton Oilers,82,4991.0833,47,26,9,43,103,0.628,4706,4624,50.44,3505,3330,51.28,2550,2419,51.32,243,207,54.0,228.77,217.07,51.31,2334,2215,51.31,1464,1353,51.97,204,165,55.28,13.93,87.8,1039,953,52.16,775,696,52.69,144,114,55.81,18.58,83.62,1295,1262,50.65,689,657,51.19,60,51,54.05,8.71,92.24,2038,2020,50.22,1025,991,50.84,35,36,49.3,3.41,96.37,9.53,91.44,1.01,2017,36,11.700000000000017,1,1,0,0,1,0.7868100526583118,W,True
54,54,15,Minnesota Wild,82,4967.3833,49,25,8,46,106,0.6459999999999999,4568,4607,49.79,3446,3446,50.0,2528,2465,50.63,263,206,56.08,217.73,180.35,54.7,2093,1837,53.26,1283,1130,53.17,205,159,56.32,15.98,85.93,905,720,55.69,678,534,55.94,152,95,61.54,22.42,82.21,1188,1117,51.54,605,596,50.37,53,64,45.3,8.76,89.26,2103,2313,47.62,1194,1256,48.73,52,42,55.32,4.36,96.66,10.4,91.64,1.02,2017,57,37.38,0,1,0,0,1,0.8292545795005254,W,False
55,55,16,Montreal Canadiens,82,4987.3667,47,26,9,44,103,0.628,4735,4484,51.36,3448,3271,51.32,2460,2429,50.32,223,198,52.97,200.02,193.85,50.78,2022,1998,50.3,1200,1205,49.9,172,146,54.09,14.33,87.88,903,849,51.54,656,630,51.01,109,90,54.77,16.62,85.71,1119,1149,49.34,544,575,48.61,63,56,52.94,11.58,90.26,2256,2104,51.74,1189,1126,51.36,48,50,48.98,4.04,95.56,9.07,91.85,1.009,2017,25,6.170000000000017,0,1,0,1,0,0.8784127668069692,W,False
56,56,18,Nashville Predators,82,4985.75,41,29,12,39,94,0.573,4777,4571,51.1,3546,3461,50.61,2558,2473,50.84,238,220,51.97,203.69,198.54,50.64,2051,1991,50.74,1288,1204,51.69,184,175,51.25,14.29,85.47,775,755,50.65,590,561,51.26,114,122,48.31,19.32,78.25,1276,1236,50.8,698,643,52.05,70,53,56.91,10.03,91.76,2300,2114,52.11,1201,1179,50.46,49,40,55.06,4.08,96.61,9.3,91.1,1.004,2017,18,5.150000000000006,1,0,1,0,1,0.32665437781711615,L,False
57,57,20,New York Rangers,82,4974.2167,48,28,6,45,102,0.622,4512,4685,49.06,3438,3441,49.98,2438,2465,49.72,253,216,53.94,223.72,212.51,51.29,2158,2195,49.58,1254,1306,48.98,205,172,54.38,16.35,86.83,984,958,50.67,702,715,49.54,145,123,54.1,20.66,82.8,1174,1237,48.69,552,591,48.29,60,49,55.05,10.87,91.71,1996,2121,48.48,1060,1076,49.63,40,41,49.38,3.77,96.19,10.38,91.24,1.016,2017,37,11.210000000000008,1,0,1,0,1,0.7426706753114813,W,True
58,58,21,Ottawa Senators,82,4993.95,44,28,10,38,98,0.598,4592,4865,48.56,3380,3513,49.04,2464,2467,49.97,206,210,49.52,199.61,202.36,49.66,1992,2201,47.51,1173,1228,48.85,139,160,46.49,11.85,86.97,795,862,47.98,597,612,49.38,86,103,45.5,14.41,83.17,1197,1339,47.2,576,616,48.32,53,57,48.18,9.2,90.75,2183,2223,49.55,1179,1163,50.34,59,48,55.14,5.0,95.87,8.36,91.49,0.998,2017,-4,-2.75,1,1,0,0,1,0.8716823443297441,W,True
59,59,23,Pittsburgh Penguins,82,4989.8333,50,21,11,46,111,0.677,4818,4856,49.8,3652,3549,50.72,2751,2671,50.74,278,229,54.83,251.16,229.61,52.24,2476,2256,52.32,1598,1432,52.74,236,186,55.92,14.77,87.01,1058,944,52.85,844,754,52.82,158,120,56.83,18.72,84.08,1418,1312,51.94,754,678,52.65,78,66,54.17,10.34,90.27,2025,2177,48.19,1078,1127,48.89,37,36,50.68,3.43,96.81,10.11,91.43,1.015,2017,49,21.549999999999986,1,1,0,0,1,0.38773188199381536,L,False
60,60,24,San Jose Sharks,82,4955.9333,46,29,7,44,99,0.604,4888,4625,51.38,3543,3266,52.03,2456,2269,51.98,219,200,52.27,229.11,208.31,52.38,2289,2138,51.71,1300,1230,51.38,172,165,51.04,13.23,86.59,1016,902,52.97,737,644,53.37,120,116,50.85,16.28,81.99,1273,1236,50.74,563,586,49.0,52,49,51.49,9.24,91.64,2186,2034,51.8,1088,941,53.62,38,31,55.07,3.49,96.71,8.92,91.19,1.001,2017,19,20.80000000000001,0,0,1,0,1,0.7036239966581754,W,False
61,61,25,St Louis Blues,82,4964.6167,46,29,7,44,99,0.604,4277,4364,49.5,3208,3229,49.84,2331,2327,50.04,233,216,51.89,197.91,197.03,50.11,2026,2024,50.02,1242,1251,49.82,183,179,50.55,14.73,85.69,773,772,50.03,572,582,49.57,110,110,50.0,19.23,81.1,1253,1252,50.02,670,669,50.04,73,69,51.41,10.9,89.69,1929,1970,49.47,1019,1007,50.3,46,30,60.53,4.51,97.02,10.0,90.72,1.007,2017,17,0.8799999999999955,1,0,1,0,1,0.35777981162552824,L,False
62,62,27,Toronto Maple Leafs,82,4991.6833,40,27,15,39,95,0.579,4989,4968,50.11,3758,3802,49.71,2617,2673,49.47,250,234,51.65,228.4,226.27,50.23,2456,2264,52.03,1486,1379,51.87,199,186,51.69,13.39,86.51,944,872,51.98,700,647,51.97,139,110,55.82,19.86,83.0,1512,1392,52.07,786,732,51.78,60,76,44.12,7.63,89.62,2118,2301,47.93,1043,1202,46.46,45,44,50.56,4.31,96.34,9.55,91.25,1.008,2017,16,2.1299999999999955,0,0,1,0,1,0.10963872869047099,L,True
63,63,30,Washington Capitals,82,4973.15,55,19,8,53,118,0.72,4678,4377,51.66,3487,3275,51.57,2495,2282,52.23,261,177,59.59,207.48,204.36,50.38,2112,2029,51.0,1268,1174,51.92,195,158,55.24,15.38,86.54,829,887,48.31,605,624,49.23,123,115,51.68,20.33,81.57,1283,1142,52.91,663,550,54.66,72,43,62.61,10.86,92.18,2188,1960,52.75,1120,1009,52.61,62,16,79.49,5.54,98.41,10.46,92.24,1.027,2017,84,3.119999999999976,1,1,0,1,0,0.7029970540472796,W,True
64,64,1,Anaheim Ducks,82,5002.3167,44,25,13,40,101,0.616,4648,5086,47.75,3522,3853,47.76,2476,2717,47.68,231,209,52.5,231.84,243.55,48.77,2249,2512,47.24,1340,1499,47.2,198,171,53.66,14.78,88.59,963,1033,48.25,710,757,48.4,149,115,56.44,20.99,84.81,1286,1479,46.51,630,742,45.92,49,56,46.67,7.78,92.45,1928,2144,47.35,963,1070,47.37,26,30,46.43,2.7,97.2,9.33,92.31,1.016,2018,22,-11.710000000000008,0,1,0,0,1,0.32789899682948775,L,True
65,65,3,Boston Bruins,82,4982.3667,50,20,12,47,112,0.6829999999999999,4926,4405,52.79,3734,3333,52.84,2703,2400,52.97,267,211,55.86,235.56,195.45,54.65,2371,2035,53.81,1479,1280,53.61,217,171,55.93,14.67,86.64,892,837,51.59,676,646,51.13,135,114,54.22,19.97,82.35,1479,1198,55.25,803,634,55.88,82,57,58.99,10.21,91.01,2142,1980,51.97,1062,965,52.39,41,34,54.67,3.86,96.48,9.88,91.21,1.011,2018,56,40.110000000000014,1,1,0,0,1,0.773448535484018,W,True
66,66,9,Colorado Avalanche,82,4962.1833,43,30,9,41,95,0.579,4506,5076,47.03,3323,3777,46.8,2434,2732,47.12,255,236,51.93,202.78,225.68,47.33,2091,2273,47.91,1267,1353,48.36,193,180,51.74,15.23,86.7,783,909,46.28,591,653,47.51,120,120,50.0,20.3,81.62,1308,1364,48.95,676,700,49.13,73,60,54.89,10.8,91.43,2012,2365,45.97,1045,1243,45.67,50,52,49.02,4.78,95.82,10.48,91.36,1.018,2018,19,-22.90000000000001,0,0,1,0,1,0.2286240472817894,L,True
67,67,6,Columbus Blue Jackets,82,4995.4333,45,30,7,39,97,0.591,4932,4700,51.2,3804,3482,52.21,2761,2568,51.81,236,226,51.08,231.87,223.83,50.88,2321,2267,50.59,1426,1410,50.28,183,173,51.4,12.83,87.73,919,955,49.04,685,743,47.97,118,114,50.86,17.23,84.66,1402,1312,51.66,741,667,52.63,65,59,52.42,8.77,91.15,2252,2023,52.68,1208,1012,54.41,48,45,51.61,3.97,95.55,8.55,91.2,0.997,2018,10,8.039999999999992,0,0,1,0,1,0.3100904152178612,L,True
68,68,14,Los Angeles Kings,82,4982.4833,45,29,8,43,98,0.598,4740,4795,49.71,3556,3597,49.71,2545,2537,50.08,237,202,53.99,210.95,230.76,47.76,2189,2283,48.95,1283,1309,49.5,181,153,54.19,14.11,88.31,844,927,47.66,584,670,46.57,125,105,54.35,21.4,84.33,1345,1356,49.8,699,639,52.24,56,48,53.85,8.01,92.49,2123,2067,50.67,1134,1053,51.85,47,45,51.09,4.14,95.73,9.31,92.04,1.014,2018,35,-19.81,0,0,1,0,1,0.09945856324276302,L,True
69,69,15,Minnesota Wild,82,4978.9333,45,26,11,42,101,0.616,4358,4929,46.93,3342,3634,47.91,2477,2569,49.09,250,229,52.19,214.5,200.51,51.69,2026,2007,50.24,1289,1155,52.74,191,174,52.33,14.82,84.94,960,787,54.95,744,559,57.1,142,111,56.13,19.09,80.14,1066,1220,46.63,545,596,47.77,49,63,43.75,8.99,89.43,1913,2416,44.19,1068,1275,45.58,46,49,48.42,4.31,96.16,10.09,91.09,1.012,2018,21,13.990000000000007,0,0,1,0,1,0.57115961043423,W,False
70,70,18,Nashville Predators,82,5006.6833,53,18,11,47,117,0.713,4927,4788,50.72,3700,3584,50.8,2641,2660,49.82,261,204,56.13,222.74,222.17,50.06,2120,2202,49.05,1296,1397,48.12,203,150,57.51,15.66,89.26,854,921,48.11,648,693,48.32,137,104,56.85,21.14,84.99,1266,1281,49.71,648,704,47.93,66,46,58.93,10.19,93.47,2310,2089,52.51,1206,1109,52.1,51,45,53.13,4.23,95.94,9.88,92.33,1.022,2018,57,0.5700000000000216,1,1,0,1,0,0.29192783892840046,L,False
71,71,17,New Jersey Devils,82,4989.8333,44,29,9,39,97,0.591,4566,4847,48.51,3562,3671,49.25,2600,2616,49.85,243,240,50.31,222.38,224.04,49.81,2148,2283,48.48,1382,1427,49.2,192,197,49.36,13.89,86.19,940,856,52.34,738,686,51.83,142,129,52.4,19.24,81.2,1208,1427,45.84,644,741,46.5,50,68,42.37,7.76,90.82,2029,2158,48.46,1085,1058,50.63,48,41,53.93,4.42,96.12,9.35,90.83,1.002,2018,3,-1.6599999999999966,0,0,1,0,1,0.15100741601054332,L,True
72,72,22,Philadelphia Flyers,82,4996.85,42,26,14,40,98,0.598,4779,4667,50.59,3597,3437,51.14,2632,2448,51.81,249,236,51.34,224.29,213.53,51.23,2131,2168,49.57,1313,1270,50.83,198,189,51.16,15.08,85.12,896,875,50.59,681,619,52.38,122,133,47.84,17.91,78.51,1235,1293,48.85,632,651,49.26,76,56,57.58,12.03,91.4,2186,2044,51.68,1162,1050,52.53,43,42,50.59,3.7,96.0,9.46,90.36,0.998,2018,13,10.759999999999993,0,0,1,0,1,0.41346758042943527,L,True
73,73,23,Pittsburgh Penguins,82,4966.3167,47,29,6,45,100,0.61,4965,4630,51.75,3795,3446,52.41,2823,2553,52.51,270,248,52.12,249.35,223.64,52.72,2450,2271,51.9,1544,1431,51.9,216,211,50.59,13.99,85.26,1040,990,51.23,805,759,51.47,146,134,52.14,18.14,82.35,1410,1281,52.4,739,672,52.37,70,77,47.62,9.47,88.54,2122,1983,51.69,1139,1014,52.9,49,34,59.04,4.3,96.65,9.56,90.29,0.999,2018,22,25.710000000000008,1,1,0,0,1,0.7284366668098965,W,True
74,74,24,San Jose Sharks,82,4985.3833,45,27,10,40,100,0.61,5170,4855,51.57,3800,3474,52.24,2702,2489,52.05,247,226,52.22,236.65,217.65,52.09,2403,2249,51.66,1394,1355,50.71,183,188,49.33,13.13,86.13,1019,963,51.41,726,729,49.9,132,135,49.44,18.18,81.48,1384,1286,51.84,668,626,51.62,51,53,49.04,7.63,91.53,2302,2082,52.51,1186,975,54.88,59,29,67.05,4.97,97.03,9.14,90.92,1.001,2018,21,19.0,1,0,1,0,1,0.7222743468198359,W,True
75,75,26,Tampa Bay Lightning,82,4979.6,54,23,5,48,113,0.6890000000000001,4984,4711,51.41,3766,3584,51.24,2680,2683,49.97,290,234,55.34,231.19,205.28,52.97,2444,2196,52.67,1513,1451,51.05,250,193,56.43,16.52,86.7,948,820,53.62,699,648,51.89,160,115,58.18,22.89,82.25,1496,1376,52.09,814,803,50.34,90,78,53.57,11.06,90.29,2225,2211,50.16,1052,1116,48.52,36,37,49.32,3.42,96.68,10.82,91.28,1.021,2018,56,25.91,1,1,0,1,0,0.48516365961478747,L,False
76,76,27,Toronto Maple Leafs,82,4988.0833,49,26,7,42,105,0.64,5002,4966,50.18,3713,3862,49.02,2642,2776,48.76,270,230,54.0,250.35,236.89,51.38,2671,2350,53.2,1592,1448,52.37,231,185,55.53,14.51,87.22,1072,937,53.36,795,691,53.5,151,128,54.12,18.99,81.48,1599,1413,53.09,797,757,51.29,80,57,58.39,10.04,92.47,1947,2216,46.77,911,1191,43.34,36,42,46.15,3.95,96.47,10.22,91.71,1.019,2018,40,13.460000000000008,0,0,1,0,1,0.11834344957680444,L,True
77,77,29,Vegas Golden Knights,82,4985.6833,51,24,7,47,109,0.665,5020,4691,51.69,3734,3512,51.53,2687,2523,51.57,268,225,54.36,230.28,208.3,52.51,2406,2185,52.41,1498,1366,52.3,212,183,53.67,14.15,86.6,861,882,49.4,656,664,49.7,134,127,51.34,20.43,80.87,1545,1303,54.25,842,702,54.53,78,56,58.21,9.26,92.02,2127,2001,51.53,1050,1012,50.92,48,34,58.54,4.57,96.64,9.97,91.08,1.011,2018,43,21.97999999999999,1,1,0,1,0,0.6310700587485794,W,True
78,78,31,Washington Capitals,82,4975.1,49,26,7,46,105,0.64,4548,4981,47.73,3383,3761,47.35,2379,2613,47.66,256,238,51.82,213.03,246.17,46.39,2195,2448,47.28,1288,1441,47.2,196,206,48.76,15.22,85.7,842,1075,43.92,631,774,44.91,112,151,42.59,17.75,80.49,1353,1373,49.63,657,667,49.62,84,55,60.43,12.79,91.75,1981,2109,48.44,967,1051,47.92,49,28,63.64,5.07,97.34,10.76,90.89,1.017,2018,18,-33.139999999999986,1,1,0,1,0,0.49441917024102133,L,False
79,79,30,Winnipeg Jets,82,4982.1833,52,20,10,48,114,0.695,4839,4861,49.89,3649,3621,50.19,2643,2613,50.29,273,216,55.83,217.09,212.39,50.55,2165,2131,50.4,1350,1272,51.49,196,170,53.55,14.52,86.64,878,839,51.14,658,625,51.29,118,112,51.3,17.93,82.08,1287,1292,49.9,692,647,51.68,78,58,57.35,11.27,91.04,2134,2237,48.82,1124,1192,48.53,68,45,60.18,6.05,96.22,10.33,91.73,1.021,2018,57,4.700000000000017,1,1,0,0,1,0.5448955875882044,W,True
80,80,3,Boston Bruins,82,4983.5167,49,24,9,47,107,0.652,4848,4376,52.56,3734,3326,52.89,2680,2416,52.59,257,212,54.8,223.39,204.09,52.26,2163,2022,51.68,1362,1320,50.78,208,162,56.22,15.27,87.73,878,839,51.14,673,658,50.56,135,109,55.33,20.06,83.43,1285,1183,52.07,689,662,51.0,73,53,57.94,10.6,91.99,2295,1995,53.5,1162,953,54.94,44,42,51.16,3.79,95.59,9.59,91.23,1.008,2019,45,19.299999999999983,1,1,0,0,1,0.5449725924102496,W,True
81,81,7,Calgary Flames,82,4950.9167,50,25,7,50,107,0.652,4968,4275,53.75,3693,3242,53.25,2656,2302,53.57,289,223,56.45,244.27,203.17,54.59,2369,2087,53.16,1491,1278,53.85,235,176,57.18,15.76,86.23,1013,888,53.29,782,653,54.49,172,114,60.14,21.99,82.54,1356,1199,53.07,709,625,53.15,63,62,50.4,8.89,90.08,2152,1800,54.45,1046,867,54.68,44,43,50.57,4.21,95.04,10.88,90.31,1.012,2019,66,41.10000000000002,0,1,0,1,0,0.6320784863337024,W,False
82,82,5,Carolina Hurricanes,82,4957.9167,46,29,7,44,99,0.604,5350,4355,55.13,4036,3311,54.93,2822,2343,54.64,243,221,52.37,275.71,215.93,56.08,2478,2052,54.7,1470,1217,54.71,194,185,51.19,13.2,84.8,1158,959,54.7,814,687,54.23,129,134,49.05,15.85,80.49,1320,1093,54.7,656,530,55.31,65,51,56.03,9.91,90.38,2373,1863,56.02,1202,964,55.49,39,26,60.0,3.24,97.3,8.61,90.57,0.992,2019,22,59.77999999999997,1,0,1,0,1,0.6084042118856777,W,True
83,83,9,Colorado Avalanche,82,4972.7,38,30,14,36,90,0.5489999999999999,4762,4863,49.48,3547,3539,50.06,2676,2619,50.54,258,244,51.39,219.28,222.79,49.6,2297,2195,51.14,1429,1330,51.79,204,189,51.91,14.28,85.79,948,915,50.89,712,685,50.97,133,129,50.76,18.68,81.17,1349,1280,51.31,717,645,52.64,71,60,54.2,9.9,90.7,2062,2182,48.59,1107,1131,49.46,48,47,50.53,4.34,95.84,9.64,90.68,1.003,2019,14,-3.509999999999991,1,0,1,0,1,0.3748821592408886,L,False
84,84,6,Columbus Blue Jackets,82,4953.4167,47,31,4,45,98,0.598,4573,4403,50.95,3566,3327,51.73,2592,2418,51.74,256,231,52.57,226.41,208.69,52.04,2187,2060,51.5,1442,1328,52.06,205,192,51.64,14.22,85.54,889,856,50.95,684,667,50.63,123,121,50.41,17.98,81.86,1298,1204,51.88,758,661,53.42,82,71,53.59,10.82,89.26,1967,1909,50.75,1004,962,51.07,37,36,50.68,3.69,96.26,9.88,90.45,1.003,2019,25,17.72,1,0,1,0,1,0.3388678173175327,L,False
85,85,10,Dallas Stars,82,4962.5667,43,32,7,42,93,0.5670000000000001,4551,4869,48.31,3375,3578,48.54,2520,2591,49.31,209,200,51.1,217.93,217.44,50.06,2215,2207,50.09,1360,1316,50.82,159,149,51.62,11.69,88.68,961,868,52.54,719,659,52.18,116,89,56.59,16.13,86.49,1254,1339,48.36,641,657,49.38,43,60,41.75,6.71,90.87,1903,2133,47.15,1015,1105,47.88,43,40,51.81,4.24,96.38,8.29,92.28,1.006,2019,9,0.4900000000000091,1,0,1,0,1,0.27677142821280354,L,False
86,86,18,Nashville Predators,82,4967.4,47,29,6,43,100,0.61,4900,4487,52.2,3696,3408,52.03,2679,2460,52.13,236,212,52.68,224.27,216.46,50.89,2222,2149,50.84,1336,1351,49.72,187,175,51.66,14.0,87.05,892,908,49.56,665,691,49.04,118,111,51.53,17.74,83.94,1330,1241,51.73,671,660,50.41,69,64,51.88,10.28,90.3,2227,1885,54.16,1210,968,55.56,38,35,52.05,3.14,96.38,8.81,91.38,1.002,2019,24,7.810000000000002,0,1,0,1,0,0.4421379641699231,L,True
87,87,19,New York Islanders,82,4983.1167,48,27,7,43,103,0.628,4328,4779,47.52,3229,3484,48.1,2360,2535,48.21,223,191,53.86,217.67,215.3,50.27,2257,2310,49.42,1393,1394,49.98,194,149,56.56,13.93,89.31,1027,935,52.34,781,731,51.65,138,111,55.42,17.67,84.82,1230,1375,47.22,612,663,48.0,56,38,59.57,9.15,94.27,1697,2029,45.54,856,1019,45.65,20,37,35.09,2.34,96.37,9.45,92.47,1.019,2019,32,2.369999999999976,1,1,0,0,1,0.844400321134364,W,True
88,88,23,Pittsburgh Penguins,82,4981.5,44,26,12,42,100,0.61,4796,4902,49.45,3644,3673,49.8,2732,2729,50.03,271,238,53.24,236.84,224.83,51.3,2357,2194,51.79,1538,1391,52.51,227,196,53.66,14.76,85.91,1052,894,54.06,828,685,54.73,141,124,53.21,17.03,81.9,1305,1300,50.1,710,706,50.14,86,72,54.43,12.11,89.8,1998,2243,47.11,1048,1168,47.29,37,33,52.86,3.53,97.17,9.92,91.28,1.012,2019,33,12.009999999999993,0,0,1,0,1,0.2712442082427691,L,True
89,89,24,San Jose Sharks,82,4962.1333,46,27,9,46,101,0.616,5144,4314,54.39,3815,3237,54.1,2708,2324,53.82,289,258,52.83,249.13,215.69,53.6,2450,2115,53.67,1487,1319,52.99,238,214,52.65,16.01,83.78,1072,939,53.31,800,704,53.19,164,148,52.56,20.5,78.98,1378,1176,53.95,687,615,52.76,74,66,52.86,10.77,89.27,2194,1763,55.45,1081,866,55.52,44,38,53.66,4.07,95.61,10.67,88.9,0.996,2019,31,33.44,1,1,0,0,1,0.7324376995635684,W,True
90,90,25,St Louis Blues,82,4980.9833,45,28,9,42,99,0.604,4693,4385,51.7,3531,3247,52.1,2604,2345,52.62,244,220,52.59,226.86,202.55,52.83,2382,2164,52.4,1471,1333,52.46,199,180,52.51,13.53,86.5,977,821,54.34,727,626,53.73,130,118,52.42,17.88,81.15,1405,1343,51.13,744,707,51.27,69,62,52.67,9.27,91.23,1911,1853,50.77,1008,897,52.91,38,34,52.78,3.77,96.21,9.37,90.62,1.0,2019,24,24.31,1,0,1,0,1,0.46580855880560906,L,False
91,91,26,Tampa Bay Lightning,82,4979.5667,62,16,4,56,128,0.78,4725,4667,50.31,3604,3542,50.43,2621,2633,49.89,319,221,59.07,228.35,208.58,52.26,2433,2291,51.5,1522,1487,50.58,270,193,58.32,17.74,87.02,921,888,50.91,696,658,51.4,157,125,55.67,22.56,81.0,1512,1403,51.87,826,829,49.91,113,68,62.43,13.68,91.8,2014,2050,49.56,983,1031,48.81,43,27,61.43,4.37,97.38,12.17,91.61,1.038,2019,98,19.769999999999982,0,1,0,1,0,0.6539215263010325,W,False
92,92,27,Toronto Maple Leafs,82,4959.9833,46,28,8,46,100,0.61,5387,4960,52.06,3975,3847,50.82,2737,2718,50.17,286,249,53.46,256.64,228.05,52.95,2835,2390,54.26,1620,1410,53.47,238,205,53.72,14.69,85.46,1115,914,54.95,819,659,55.41,149,129,53.6,18.19,80.42,1720,1476,53.82,801,751,51.61,89,76,53.94,11.11,89.88,2120,2189,49.2,993,1155,46.23,46,35,56.79,4.63,96.97,10.45,90.84,1.013,2019,37,28.589999999999968,0,0,1,0,1,0.24257652496938736,L,True
93,93,29,Vegas Golden Knights,82,4959.5167,43,32,7,40,93,0.5670000000000001,5254,4362,54.64,3884,3244,54.49,2815,2400,53.98,246,228,51.9,253.82,206.08,55.19,2529,2082,54.85,1540,1287,54.47,191,181,51.34,12.4,85.94,1063,832,56.09,789,632,55.52,130,130,50.0,16.48,79.43,1466,1250,53.98,751,655,53.41,61,51,54.46,8.12,92.21,2215,1855,54.42,1127,958,54.05,49,37,56.98,4.35,96.14,8.74,90.5,0.992,2019,18,47.73999999999998,0,0,1,0,1,0.4156689640931231,L,True
94,94,31,Washington Capitals,82,4977.8333,48,26,8,44,104,0.634,4706,4878,49.1,3567,3644,49.47,2493,2586,49.08,274,248,52.49,226.09,238.32,48.68,2244,2400,48.32,1274,1373,48.13,203,203,50.0,15.93,85.21,860,1089,44.13,605,767,44.1,122,134,47.66,20.17,82.53,1384,1311,51.35,669,606,52.47,81,69,54.0,12.11,88.61,2036,2022,50.17,1060,1049,50.26,60,37,61.86,5.66,96.47,10.99,90.41,1.014,2019,26,-12.22999999999999,0,1,0,1,0,0.6033544660176421,W,False
95,95,30,Winnipeg Jets,82,4966.65,47,30,5,45,99,0.604,4664,4907,48.73,3530,3720,48.69,2558,2741,48.27,270,243,52.63,217.19,230.49,48.51,2106,2235,48.51,1320,1416,48.25,214,197,52.07,16.21,86.09,852,931,47.78,630,682,48.02,139,128,52.06,22.06,81.23,1254,1304,49.02,690,734,48.46,75,69,52.08,10.87,90.6,2103,2196,48.92,1118,1173,48.8,46,41,52.87,4.11,96.5,10.56,91.13,1.017,2019,27,-13.300000000000011,0,1,0,0,1,0.32001603018813557,L,True
